{
    "roundId": 5,
    "qualifier": 1,
    "COOKIE": "OptanonAlertBoxClosed=2026-03-18T08:44:51.647Z; _twpid=tw.1773823494306.542558115751827468; _scid=-wnA6Y0OqAgbEBC2hRRdXfWejGeCrTbYQAxr3Q; _tt_enable_cookie=1; _ttp=01KRN2QKCY4N4JE6348DEFVS87_.tt.1; _fbp=fb.1.1779365591275.980265816616857762; _lo_uid=331545-1779365588637-64a0d7a6fecf6407; __lotl=https%3A%2F%2Ffifaworldcup26.hospitality.fifa.com%2F%3Futm_source%3DFIFA%26utm_medium%3Dfifa-webpopup%26utm_campaign%3DFWC26_Awareness_B2C_lmts_NoNWebPop%26xref%3DFIFA_fifa-webpopup_B2C; utm_source=google; utm_medium=cpc; fs_fliu=true; AMP_MKTG_1807952a26=JTdCJTIydXRtX2NhbXBhaWduJTIyJTNBJTIyc3RyaWtlcl9pbnQlMjIlMkMlMjJ1dG1fbWVkaXVtJTIyJTNBJTIyY3BjJTIyJTJDJTIydXRtX3NvdXJjZSUyMiUzQSUyMmdvb2dsZSUyMiUyQyUyMmdicmFpZCUyMiUzQSUyMjBBQUFBQS1pY0NzSDdqTGpTblE2amdqOTg0SkRHaUlNZ1olMjIlMkMlMjJnY2xpZCUyMiUzQSUyMkNqd0tDQWp3NXNfUUJoQWRFaXdBRERfZ0JwX3QxQzJFWWVOazdPMlRGbTZzZFJ3WnJ3VzZuY0RCRXhMeDNzX2J2UzNyYkc0bFh1NGVNQm9DTE53UUF2RF9Cd0UlMjIlN0Q=; _gac_UA-77921555-16=1.1779979028.CjwKCAjw5s_QBhAdEiwADD_gBp_t1C2EYeNk7O2TFm6sdRwZrwW6ncDBExLx3s_bvS3rbG4lXu4eMBoCLNwQAvD_BwE; _ga_XYZK337FP0=GS2.2.s1779979028$o1$g0$t1779979028$j60$l0$h0; _ga=GA1.1.1653028819.1779365591; _sctr=1%7C1780761600000; _lo_v=11; ak_bmsc=32B96FAB3A651CD129103BC720FF5A02~000000000000000000000000000000~YAAQJe8hF9JbWYeeAQAAdgRTtwDVDDLtaEYWuX9WrQmHS00KTSotw6KwVNcHbY5Juv+31kWBFdu5QB/2Th3NWVzgl+PMSh/CHGzcsdXhg4j1kGgYw4VC6T6Y+kk+ag8DLWSCgD4KyxSUB1W7jkAqVbt1YPRbp+fqaoEvTilIqLkKt7ZaI2XM5eGlehpP63Grzus8w6t/o0e2UTAC7aiuPf7D2MkhDvHIisQ609TWihilV5yrx/ZY01Gk0wj9I1G7EFkElcZFpQmf7yhNOyu2bsqTokuMhtrQwYXJoBy5NF+hqUhAhCfGGv+4P/az02eLyMshSXuGq4KULLzQaheWfIxfUH2W4HJ9erFIYSAOKlhcuN1RZe193m/tNv9d6V+EHKBy0xFq/0SaeEw=; _gcl_aw=GCL.1781194659.CjwKCAjw5s_QBhAdEiwADD_gBp_t1C2EYeNk7O2TFm6sdRwZrwW6ncDBExLx3s_bvS3rbG4lXu4eMBoCLNwQAvD_BwE; _gcl_gs=2.1.k1$i1781194655$u60121146; utm_captured=1781194658842; adobeSessionCookie=cin7n8ea4ebhc7bfb6aj1781194658911; _ga_YB0Y6HV32Q=GS2.1.s1781194658$o14$g0$t1781194658$j60$l0$h0; AMP_1807952a26=JTdCJTIyZGV2aWNlSWQlMjIlM0ElMjI0YzUxZDFiMi03MWNhLTQ0YTctYjBlZi1kOWFhMTU5MzdlOTYlMjIlMkMlMjJzZXNzaW9uSWQlMjIlM0ExNzgxMTk0NjU5MjM3JTJDJTIyb3B0T3V0JTIyJTNBZmFsc2UlMkMlMjJsYXN0RXZlbnRUaW1lJTIyJTNBMTc4MTE5NDY1OTY3OCUyQyUyMmxhc3RFdmVudElkJTIyJTNBODklMkMlMjJwYWdlQ291bnRlciUyMiUzQTElN0Q=; _uetsid=d55433a064d111f1b54577229f431849; _uetvid=6f928c50550e11f18824559ad92fdf5c; ttcsid_CSCJFIRC77U3K05H7HNG=1781194659361::GqA9X9GrFpvmjYRGLFkv.13.1781194660839.0; ttcsid_CT1JLJBC77UF2P29U4I0=1781194659362::PaXKBSbuniEPFAiHrYHN.13.1781194660840.0; _clck=1p3h56e%5E2%5Eg6t%5E0%5E2332; AMCVS_2F2827E253DAF0E10A490D4E%40AdobeOrg=1; AMCV_2F2827E253DAF0E10A490D4E%40AdobeOrg=1176715910%7CMCIDTS%7C20616%7CMCMID%7C10876993691804346090378662629017910975%7CMCAAMLH-1781803233%7C3%7CMCAAMB-1781803233%7CRKhpRz8krg2tLO6pguXWp5olkAcUniQYPHaMWWgdJ3xzPWQmdj0y%7CMCOPTOUT-1781205633s%7CNONE%7CvVersion%7C5.4.0; s_cc=true; _gcl_au=1.1.1263356321.1778823972.487666658.1781198324.1781198516; X-SID=563880a465e91dc77b3680d6_1781198524; s_sq=%5B%5BB%5D%5D; ttcsid_D4JHTCBC77U4IAHDM2D0=1781194659360::gvMa7uS_4b1x6laCl2FQ.42.1781198656540.1; ttcsid=1781197278297::fkCrxZPAg4bzSOKS4ual.8.1781198656540.0::1.1375268.1248208::1375252.268.739.575::656553.310.0; bm_sz=415595134B40E557084B1DE68178250B~YAAQDO8hFx8vQYaeAQAAaMG2twDmmgBh9l2Wg0NHy50uivhAXPZoEObW42u8kcjA+ubNaZDvH9JvOT/bzRi2+T2aCRTsdi4gIn0VlO5C1j4y3TA3457sVPNge3ypt+d6OEgyfjpxvSntX1vmEy+5QTCAj6OBv62q09DrNkKKdz+noHqRPqqBy/Y87hUYUFVwkHL5yzOwWqf6UHGCVNcYk71SvlyKSoWqMzjFW88yIEEN5kSn+MX2te6Zl+Jj83XRZlPpwI4TWlv/4UQT1aw4we5tjpZnyZM5xWv4/de0aPxpsoIBUcEi7MA+btRmBrtKjy6q5iKjbIQzxxKu6m9qWC01fEVuYNdelAbXczARV8GxUQ/DBLHMAmwIrpDueYDWJbHc20dlNqNPd++VZAqTxoJBQyeNIPAg0P3aQ7ZaNu77he4BxwB8pnICae10LzUHbe/HrINyP2+EySz+UeRRfgAtUEimWvxYEX/q7EfT5BPK3hvMd34bLRdicmkt0KncxF/b+igFZIkyj67MZS1Z4WiG1LeEK3Wf72G9+QdGYi5K32zYx7Ml2i4FucLfvSdMMEEScPMzhdSAEUZum7xvTiUxNp9TFIx/~3354691~4534342; _abck=316BDB98F11F3CBFD5843D196F743110~0~YAAQDO8hF0MvQYaeAQAAbci2txD7LvozcymlcH9rS06DzMvI2u1JS0d6+feoCzSWJx7fjEFLGU4gWk794B4Ig659ISaBhDh0YnMSkzGoti4jQ74b5vpWAYTBE4mcZ4fZJi6KLaRV/d5bsr0KlpdPmIl9p+SmPi8V25MZ2puoFQd2zZTNZVFcgasV6Pk/maR6TvX2bzfLVjMK95ylQml0aQsd2lLyaOEDIY3aE2TDHYYKf04uUsFLyo65PTVvZOpb2sjA0R6QxGKk6XEzO44kwpUZQggKwfsqnbDsWWJ+NC8bDICXNNmTXga5q68a/Q9vmcPX31hwpZwMV3b0ndmvECSNQesPtSInbPl29b88daTLDYL4dOGtD+C+Sjl9fMapAfZ14QuKAv/ghzf+DdKgnd2ecbNSeFYB5AJT+4QjYOgU9MJBcMdYuvjpKRAS6iXWxZUDEtAxY07Dqt1tgVTVp4leEg6jkp4/c9M9X/7CfLpdNRy7kBVUdN3l6SVHGoKES7u0QxcUS0nJCpJa5sApb1eR5zA+V6QlM6AwLouz5RwAYcIgaXQUB9eo2dTxlxGB7Cv4aLMreMbI2nrC4xEtEZKxNpwv1gc/hhOCPAankFuINxVdDJdXQLygoiF8qYyqKPK2zk7bTwvvc7ByGJgSLNqXnYsOFIONPhcZ462jpW1FS+K9REMtEXLeBtwt01lEg58e5TLGAHf0vePe14mht5X9gfdLkzBOB5hVB3EikVDGqlMjKjqXw2xhuPGrgmEOB81U0K2O45/H+g7BxPqDhA2C4ckgyOCsoMz8QPgYHjB1Hvu/0L48hE39vYcjbj2KkYoer2251R7K9euD3oGzo8s3odPkFdU0huxW3Wk57ZKpi7s/V1CeatGXoFZ8fq38Cp4xDqiSg08b+ggsXgb/szU4FNayybyEjo7aqvEd+KxsX8pVkf/gB4KvsZBgGuCX6+hRIazOIoTRap9QOoQ3HJSP2aK6j41f/mEiNYrQ6xgcNLI2cuPFgcx3VcJycqF7~-1~-1~1781202117~AAQAAAAF%2f%2f%2f%2f%2f8pxtODePi4YrLbiuHMH34Gd6+NQ0d2oamG9ygQqw1D%2fR3ygGJeEW6IpzrYz+4mY+G22NePxgUXyuMSicSTKJ2apqhbdmBktpetkDn4YHUc6%2f3FrDTwgxspvVWykT7M93u1znejBymfol6F5JKhRswyv6DBCZ1pj+PdSelFq8Ki5WmhTlbE4n194xUXSWRKV2qTSFKrV1nWYvqppKCIiAL3l8IPIFziRy8j1xchxm5CV%2fO8%3d~-1; OptanonConsent=isGpcEnabled=0&datestamp=Fri+Jun+12+2026+01%3A24%3A35+GMT%2B0800+(%E4%B8%AD%E5%9B%BD%E6%A0%87%E5%87%86%E6%97%B6%E9%97%B4)&version=202603.1.0&browserGpcFlag=0&isIABGlobal=false&consentId=99af8f32-e607-40b2-8175-3c31dcb298fb&interactionCount=1&isAnonUser=1&prevHadToken=0&landingPath=NotLandingPage&groups=1%3A1%2C3%3A1%2C2%3A1%2C4%3A1&hosts=H235%3A1%2CH98%3A1%2CH95%3A1%2CH113%3A1%2CH96%3A1%2CH99%3A1%2CH220%3A1%2CH233%3A1%2CH234%3A1%2CH237%3A1%2CH238%3A1%2CH68%3A1%2CH39%3A1%2CH3%3A1%2CH244%3A1%2CH124%3A1%2CH147%3A1%2CH148%3A1%2CH149%3A1%2CH150%3A1%2CH1%3A1%2CH135%3A1%2CH153%3A1%2CH154%3A1%2CH155%3A1%2CH156%3A1%2CH157%3A1%2CH227%3A1%2CH158%3A1%2CH159%3A1%2CH160%3A1%2CH161%3A1%2CH51%3A1%2CH247%3A1%2CH162%3A1%2CH36%3A1%2CH81%3A1%2CH228%3A1%2CH82%3A1%2CH164%3A1%2CH165%3A1%2CH166%3A1%2CH167%3A1%2CH168%3A1%2CH170%3A1%2CH172%3A1%2CH173%3A1%2CH94%3A1%2CH174%3A1%2CH250%3A1%2CH175%3A1%2CH251%3A1%2CH256%3A1%2CH176%3A1%2CH84%3A1%2CH87%3A1%2CH88%3A1%2CH178%3A1%2CH70%3A1%2CH37%3A1%2CH89%3A1%2CH180%3A1%2CH90%3A1%2CH240%3A1%2CH181%3A1%2CH48%3A1%2CH182%3A1%2CH183%3A1%2CH91%3A1%2CH184%3A1%2CH241%3A1%2CH185%3A1%2CH186%3A1%2CH242%3A1%2CH187%3A1%2CH188%3A1%2CH33%3A1%2CH190%3A1%2CH71%3A1%2CH191%3A1%2CH49%3A1%2CH193%3A1%2CH69%3A1%2CH194%3A1%2CH52%3A1%2CH195%3A1%2CH196%3A1%2CH197%3A1%2CH198%3A1%2CH200%3A1%2CH201%3A1%2CH202%3A1%2CH203%3A1%2CH205%3A1%2CH206%3A1%2CH207%3A1%2CH43%3A1%2CH127%3A1%2CH208%3A1%2CH209%3A1%2CH5%3A1%2CH211%3A1%2CH212%3A1%2CH138%3A1%2CH214%3A1%2CH215%3A1%2CH216%3A1%2CH217%3A1%2CH9%3A1%2CH219%3A1%2CH221%3A1%2CH222%3A1%2CH223%3A1%2CH263%3A0%2CH264%3A0%2CH265%3A0&genVendors=&intType=1&geolocation=%3B&AwaitingReconsent=false; _scid_r=AQnA6Y0OqAgbEBC2hRRdXfWejGeCrTbYQAxrTA; bm_sv=FAEA2F26E9359823194006FA11C87D51~YAAQDO8hF58vQYaeAQAAyPC2twA8VfyLKDc9rqQt2akP/hQLEc7pV1L95DP8VCqY81F0aDEq0yX6D+UEZXc6QCtwsQI4ugsiq05e6Oj9fYgS8O+c8ARiiI0mGIujk7GKm6hyHVbtYIYNOO+9dzMnwQis6PYzXDRB+JFebggLcIW1Dd87uUhkgdHuwHaU7JS+V4pZzbgS0RIuKTzp7Z4TWtq8l8ELDSszM82ydTLnj31PEhmrFRkEvgjtIAMYxouD~1"
}